Source IP,Destination IP,Date,Total Flow Duration,Total Forward Packets,Average Flow Duration,StdDev Flow Duration,Average Forward Packets,StdDev Forward Packets
192.168.20.45,8.8.8.8,2022-03-11,1493399.00,23,1493399.00,0.00,23.00,0.00
192.168.20.43,54.239.29.0,2022-03-11,999884.00,24,999884.00,0.00,24.00,0.00
192.168.20.19,54.171.11.240,2022-03-11,2917097.00,355,1517234.50,1399862.50,185.00,170.00
192.168.20.48,35.164.36.47,2022-03-11,3001256.00,41,3001256.00,0.00,41.00,0.00
192.168.20.43,104.199.65.124,2022-02-11,2313798179.00,249,35218614957.50,32904816778.50,3371.00,3122.00
192.168.20.48,54.193.16.2,2022-03-11,8226538.00,115,4987243.50,3239294.50,67.50,47.50
192.168.20.43,34.202.49.39,2022-02-11,278491697.00,32,385434941.00,106943244.00,49.00,17.00
54.205.24.65,192.168.20.48,2022-03-11,916157.00,55,916157.00,0.00,55.00,0.00
54.205.24.65,192.168.20.43,2022-03-11,79.00,2,79.00,0.00,2.00,0.00
13.225.34.111,192.168.20.48,2022-03-11,99013.00,1,99013.00,0.00,1.00,0.00
192.168.20.43,52.94.236.199,2022-03-11,394140.00,12,394140.00,0.00,12.00,0.00
192.168.20.48,52.119.196.25,2022-03-11,950211.00,18,950211.00,0.00,18.00,0.00
192.168.20.48,3.6.255.210,2022-03-11,4358437.00,78,4358437.00,0.00,78.00,0.00
192.168.20.48,52.119.196.31,2022-03-11,980676.00,17,980676.00,0.00,17.00,0.00
192.168.20.48,13.54.168.82,2022-03-11,3786330.00,42,3786330.00,0.00,42.00,0.00
18.134.222.161,192.168.20.48,2022-03-11,99708.00,6,99708.00,0.00,6.00,0.00
192.168.20.48,52.222.193.55,2022-03-11,230474.00,35,230474.00,0.00,35.00,0.00
192.168.20.43,54.92.134.147,2022-03-11,1214087997.00,154,1214087997.00,0.00,154.00,0.00
192.168.20.48,54.232.199.45,2022-03-11,2324449.00,20,2324449.00,0.00,20.00,0.00
192.168.20.42,142.250.75.234,2022-03-11,5083873.00,18,5083873.00,0.00,18.00,0.00
192.168.20.43,52.84.186.53,2022-03-11,60236663.00,16,60236663.00,0.00,16.00,0.00
192.168.20.48,3.234.38.31,2022-02-11,77502.00,1,77502.00,0.00,1.00,0.00
13.125.158.78,192.168.20.48,2022-03-11,872221.00,6,613189.50,259031.50,3.50,2.50
192.168.20.43,52.46.132.114,2022-03-11,392509.00,12,392509.00,0.00,12.00,0.00
192.168.20.48,192.168.20.1,2022-03-11,7776344.00,1360,4374414.50,3401929.50,710.00,650.00
192.168.20.48,15.188.36.183,2022-03-11,827767.00,91,827767.00,0.00,91.00,0.00
18.102.88.160,192.168.20.48,2022-03-11,2226.00,2,2226.00,0.00,2.00,0.00
192.168.20.43,52.94.220.255,2022-03-11,307262241.00,41,307262241.00,0.00,41.00,0.00
192.168.20.42,8.8.8.8,2022-03-11,41371508831.00,5501,21631165908.50,19740342922.50,2879.00,2622.00
192.168.20.43,52.216.90.100,2022-03-11,76996772.00,310,76996772.00,0.00,310.00,0.00
192.168.20.43,35.166.62.210,2022-03-11,78894323.00,186,78894323.00,0.00,186.00,0.00
192.168.20.43,52.204.152.47,2022-03-11,35128312.00,319,35128312.00,0.00,319.00,0.00
192.168.20.43,3.212.57.174,2022-02-11,95987341.00,30,95987341.00,0.00,30.00,0.00
192.168.20.43,52.94.233.61,2022-03-11,854523.00,25,854523.00,0.00,25.00,0.00
192.168.20.43,18.232.172.63,2022-03-11,1311826148.00,168,1311826148.00,0.00,168.00,0.00
192.168.20.42,66.102.1.188,2022-03-11,11686820565.00,538,11686820565.00,0.00,538.00,0.00
192.168.20.43,72.21.207.143,2022-02-11,443671.00,11,443671.00,0.00,11.00,0.00
192.168.20.43,34.195.153.29,2022-03-11,24505115.00,163,14046789.00,10458326.00,90.50,72.50
35.183.173.98,192.168.20.48,2022-03-11,19132.00,7,164985.00,145853.00,4.50,2.50
52.46.145.112,192.168.20.43,2022-03-11,3253.00,3,3253.00,0.00,3.00,0.00
192.168.20.48,13.125.158.78,2022-03-11,11124174.00,93,6448124.00,4676050.00,55.50,37.50
143.204.231.23,192.168.20.43,2022-02-11,2374.00,1,2374.00,0.00,1.00,0.00
192.168.20.43,52.216.32.25,2022-03-11,8866226.00,293,8866226.00,0.00,293.00,0.00
192.168.20.43,52.200.163.50,2022-03-11,1176541513.00,152,1176541513.00,0.00,152.00,0.00
54.239.35.210,192.168.20.43,2022-03-11,35531.00,1,35531.00,0.00,1.00,0.00
192.168.20.43,52.216.102.35,2022-02-11,9025698.00,136,9025698.00,0.00,136.00,0.00
52.222.200.21,192.168.20.48,2022-03-11,2799.00,1,2799.00,0.00,1.00,0.00
52.39.190.49,192.168.20.43,2022-02-11,79.00,2,79.00,0.00,2.00,0.00
192.168.20.48,3.214.4.85,2022-03-11,840602.00,7,840602.00,0.00,7.00,0.00
192.168.20.48,18.164.57.217,2022-03-11,5413437.00,142,5413437.00,0.00,142.00,0.00
3.233.109.178,192.168.20.48,2022-03-11,877762.00,4,877762.00,0.00,4.00,0.00
35.167.225.196,192.168.20.43,2022-02-11,80.00,2,874.50,794.50,1.50,0.50
192.168.20.43,3.227.250.131,2022-03-11,8844331.00,20,8844331.00,0.00,20.00,0.00
192.168.20.43,72.21.195.82,2022-02-11,21215205.00,28,21215205.00,0.00,28.00,0.00
192.168.20.48,209.54.179.88,2022-03-11,964699.00,17,964699.00,0.00,17.00,0.00
192.168.20.43,52.39.190.49,2022-03-11,52812456.00,131,37826182.00,14986274.00,83.50,47.50
50.16.91.222,192.168.20.48,2022-03-11,528455.00,4,528455.00,0.00,4.00,0.00
52.222.200.21,192.168.20.43,2022-03-11,428.00,5,428.00,0.00,5.00,0.00
52.94.218.69,192.168.20.43,2022-03-11,3683.00,2,3683.00,0.00,2.00,0.00
192.168.20.48,13.245.125.189,2022-03-11,8148322.00,135,8148322.00,0.00,135.00,0.00
192.168.20.48,108.137.181.26,2022-03-11,4301429.00,55,4301429.00,0.00,55.00,0.00
192.168.20.43,54.166.101.241,2022-03-11,15459729.00,109,15459729.00,0.00,109.00,0.00
192.168.20.48,13.225.38.171,2022-03-11,5339614.00,386,2726264.00,2613350.00,201.50,184.50
192.168.20.48,52.94.240.240,2022-03-11,1352952.00,13,1352952.00,0.00,13.00,0.00
192.168.20.42,216.58.214.174,2022-03-11,953241.00,118,953241.00,0.00,118.00,0.00
192.168.20.42,216.58.214.170,2022-02-11,566.00,2,566.00,0.00,2.00,0.00
192.168.20.43,52.222.165.91,2022-03-11,2684974.00,585,2684974.00,0.00,585.00,0.00
192.168.20.48,34.203.4.32,2022-03-11,1341520.00,44,1341520.00,0.00,44.00,0.00
52.84.177.20,192.168.20.43,2022-03-11,1201.00,9,1201.00,0.00,9.00,0.00
192.168.20.48,3.227.117.250,2022-03-11,1787806.00,47,1787806.00,0.00,47.00,0.00
192.168.20.43,52.94.221.55,2022-03-11,316372337.00,158,316372337.00,0.00,158.00,0.00
142.250.179.99,192.168.20.42,2022-03-11,4171.00,2,4171.00,0.00,2.00,0.00
192.168.20.48,108.136.92.85,2022-03-11,7095090.00,77,7095090.00,0.00,77.00,0.00
54.91.103.251,192.168.20.48,2022-03-11,2493525.00,29,2493525.00,0.00,29.00,0.00
0.0.0.0,255.255.255.255,2022-03-11,1009201.00,8,1012636.50,3435.50,5.00,3.00
18.102.55.180,192.168.20.48,2022-03-11,10346.00,3,10346.00,0.00,3.00,0.00
192.168.20.45,92.243.6.5,2022-03-11,2030.00,1,2030.00,0.00,1.00,0.00
23.22.232.191,192.168.20.48,2022-03-11,72994.00,1,72994.00,0.00,1.00,0.00
192.168.20.48,54.161.46.108,2022-02-11,1800596.00,45,1800596.00,0.00,45.00,0.00
52.84.177.20,192.168.20.48,2022-03-11,618.00,6,618.00,0.00,6.00,0.00
192.168.20.43,54.161.84.13,2022-03-11,7435960.00,80,5786253.50,1649706.50,49.00,31.00
192.168.20.43,52.222.193.196,2022-03-11,1608498.00,416,1608498.00,0.00,416.00,0.00
192.168.20.48,8.8.8.8,2022-03-11,11893402.00,608,6037735.00,5855667.00,318.50,289.50
192.168.20.48,209.54.179.93,2022-03-11,858791.00,18,858791.00,0.00,18.00,0.00
192.168.20.43,34.227.127.81,2022-03-11,1094564733.00,140,1094564733.00,0.00,140.00,0.00
192.168.20.43,52.45.200.111,2022-03-11,1748006976.00,224,1748006976.00,0.00,224.00,0.00
142.250.201.170,192.168.20.42,2022-03-11,76.00,2,76.00,0.00,2.00,0.00
54.217.52.155,192.168.20.19,2022-02-11,1999437.00,5,1999437.00,0.00,5.00,0.00
192.168.20.48,54.205.24.65,2022-03-11,45744631.00,1337,45744631.00,0.00,1337.00,0.00
192.168.20.48,34.193.90.148,2022-03-11,233326.00,7,272488.00,39162.00,8.50,1.50
52.95.123.17,192.168.20.43,2022-03-11,1924.00,1,1924.00,0.00,1.00,0.00
54.68.250.149,192.168.20.48,2022-03-11,516905.00,5,516905.00,0.00,5.00,0.00
192.168.20.13,3.120.92.134,2022-02-11,3059915961.00,130,34922473472.00,31862557511.00,1523.00,1393.00
192.168.20.48,54.91.103.251,2022-03-11,19500092.00,604,19500092.00,0.00,604.00,0.00
192.168.20.43,13.225.33.148,2022-02-11,109649246.00,28,109649246.00,0.00,28.00,0.00
142.250.74.234,192.168.20.42,2022-03-11,16828.00,3,16828.00,0.00,3.00,0.00
192.168.20.43,34.192.154.181,2022-03-11,47799030.00,245,47799030.00,0.00,245.00,0.00
192.168.20.43,18.233.46.225,2022-03-11,28092289.00,263,28092289.00,0.00,263.00,0.00
192.168.20.48,3.112.156.31,2022-03-11,9153633.00,76,9153633.00,0.00,76.00,0.00
192.168.20.48,50.16.91.222,2022-03-11,4108347.00,91,4108347.00,0.00,91.00,0.00
143.204.231.58,192.168.20.43,2022-03-11,1882.00,3,1882.00,0.00,3.00,0.00
192.168.20.43,44.211.15.145,2022-03-11,1117958163.00,140,1117958163.00,0.00,140.00,0.00
192.168.20.43,52.46.143.155,2022-03-11,610854.00,25,610854.00,0.00,25.00,0.00
192.168.20.43,44.228.215.143,2022-02-11,26185239.00,57,31498131.00,5312892.00,74.00,17.00
192.168.20.43,52.37.30.201,2022-03-11,34625882.00,74,34625882.00,0.00,74.00,0.00
192.168.20.48,34.228.101.107,2022-03-11,1163629.00,42,1163629.00,0.00,42.00,0.00
192.168.20.42,108.177.15.188,2022-02-11,5252349415.00,208,8180685877.50,2928336462.50,332.00,124.00
52.46.155.15,192.168.20.43,2022-03-11,5163.00,5,5163.00,0.00,5.00,0.00
192.168.20.43,52.46.137.209,2022-03-11,960135.00,24,960135.00,0.00,24.00,0.00
192.168.20.43,54.68.57.171,2022-03-11,69867342.00,157,69867342.00,0.00,157.00,0.00
192.168.20.48,18.203.57.224,2022-03-11,17129668989.00,1298,8564834878.50,8564834110.50,650.50,647.50
192.168.20.43,52.94.237.71,2022-03-11,584190.00,11,58630245.50,58046055.50,11.00,0.00
192.168.20.43,13.225.34.61,2022-02-11,588197.00,21,588197.00,0.00,21.00,0.00
192.168.20.43,52.94.217.134,2022-03-11,523834695.00,307,523834695.00,0.00,307.00,0.00
3.92.103.73,192.168.20.48,2022-03-11,3982.00,3,3982.00,0.00,3.00,0.00
192.168.20.45,74.125.71.108,2022-03-11,10026843.00,4,10026843.00,0.00,4.00,0.00
209.54.180.46,192.168.20.43,2022-03-11,3901.00,3,3901.00,0.00,3.00,0.00
15.161.86.203,192.168.20.48,2022-03-11,21142.00,3,21142.00,0.00,3.00,0.00
192.168.20.48,54.195.209.68,2022-03-11,783198.00,36,505045.00,278153.00,27.00,9.00
192.168.20.18,52.31.222.8,2022-03-11,10040495.00,836,5227892.50,4812602.50,436.00,400.00
54.92.128.108,192.168.20.48,2022-03-11,284298.00,3,284298.00,0.00,3.00,0.00
192.168.20.48,52.45.237.36,2022-03-11,311061.00,4,311061.00,0.00,4.00,0.00
192.168.20.48,18.229.75.205,2022-03-11,8432878.00,94,8432878.00,0.00,94.00,0.00
34.202.146.90,192.168.20.48,2022-03-11,158836.00,2,158836.00,0.00,2.00,0.00
192.168.20.48,18.214.180.6,2022-03-11,49138501.00,1384,37468119.50,11670381.50,1078.50,305.50
192.168.20.48,108.137.188.162,2022-03-11,3101381.00,40,3101381.00,0.00,40.00,0.00
192.168.20.48,209.54.180.44,2022-03-11,959564.00,17,959564.00,0.00,17.00,0.00
192.168.20.43,54.221.200.137,2022-02-11,13464786.00,18,13464786.00,0.00,18.00,0.00
192.168.20.45,195.154.200.68,2022-03-11,1957.00,1,1957.00,0.00,1.00,0.00
192.168.20.43,52.45.18.59,2022-03-11,13845412127.00,618,13845412127.00,0.00,618.00,0.00
192.168.20.48,54.215.58.112,2022-02-11,812790.00,21,3074662.50,2261872.50,50.50,29.50
192.168.20.43,52.20.185.33,2022-03-11,997135396.00,126,997135396.00,0.00,126.00,0.00
3.112.156.31,192.168.20.48,2022-03-11,818553.00,5,818553.00,0.00,5.00,0.00
192.168.20.43,34.239.216.180,2022-02-11,4686340.00,77,20063251.50,15376911.50,216.50,139.50
34.228.101.107,192.168.20.48,2022-03-11,7123.00,5,7123.00,0.00,5.00,0.00
192.168.20.42,216.58.214.74,2022-03-11,292238770.00,95,292238770.00,0.00,95.00,0.00
54.209.44.8,192.168.20.43,2022-03-11,1597.00,3,1597.00,0.00,3.00,0.00
192.168.20.43,54.211.51.111,2022-02-11,820301670.00,46,13885545242.00,13065243572.00,615.00,569.00
192.168.20.43,209.54.179.230,2022-03-11,348428.00,12,348428.00,0.00,12.00,0.00
35.178.87.88,192.168.20.48,2022-03-11,8750.00,4,8750.00,0.00,4.00,0.00
192.168.20.43,52.46.144.154,2022-02-11,82621.00,5,82621.00,0.00,5.00,0.00
192.168.20.48,13.37.191.91,2022-03-11,513289.00,91,513289.00,0.00,91.00,0.00
192.168.20.43,209.54.179.233,2022-02-11,371622.00,12,360576.00,11046.00,12.00,0.00
192.168.20.19,52.210.32.69,2022-02-11,354084755.00,100,5067590452.50,4713505697.50,1366.50,1266.50
192.168.20.48,35.178.87.88,2022-03-11,804764.00,71,804764.00,0.00,71.00,0.00
192.168.20.43,3.226.196.104,2022-03-11,23826583.00,145,23826583.00,0.00,145.00,0.00
18.229.75.205,192.168.20.48,2022-03-11,14770.00,7,14770.00,0.00,7.00,0.00
192.168.20.43,52.94.218.69,2022-03-11,103306038.00,30,103306038.00,0.00,30.00,0.00
52.46.137.106,192.168.20.43,2022-03-11,1552.00,3,1552.00,0.00,3.00,0.00
192.168.20.48,34.250.50.152,2022-03-11,1990665.00,94,1990665.00,0.00,94.00,0.00
192.168.20.42,216.58.214.78,2022-03-11,223430207.00,42,223430207.00,0.00,42.00,0.00
52.94.220.255,192.168.20.43,2022-03-11,30818.00,1,30818.00,0.00,1.00,0.00
52.27.163.92,192.168.20.48,2022-03-11,426348.00,3,426348.00,0.00,3.00,0.00
192.168.20.42,142.250.74.238,2022-02-11,227140336.00,40,3227138273.50,2999997937.50,500.50,460.50
205.251.206.22,192.168.20.43,2022-03-11,37533.00,31,37533.00,0.00,31.00,0.00
44.193.236.65,192.168.20.48,2022-03-11,2442466.00,34,2442466.00,0.00,34.00,0.00
192.168.20.42,142.250.74.234,2022-03-11,90762627.00,31,90762627.00,0.00,31.00,0.00
205.251.206.22,192.168.20.48,2022-03-11,15829.00,27,15829.00,0.00,27.00,0.00
54.243.58.104,192.168.20.43,2022-03-11,84.00,2,84.00,0.00,2.00,0.00
54.243.58.104,192.168.20.48,2022-02-11,945.00,1,2140234.50,2139289.50,61.00,60.00
72.21.207.82,192.168.20.48,2022-03-11,49950.00,2,49950.00,0.00,2.00,0.00
52.222.165.187,192.168.20.43,2022-03-11,1199488523.00,50,1199488523.00,0.00,50.00,0.00
52.222.165.187,192.168.20.48,2022-03-11,19269.00,6,19269.00,0.00,6.00,0.00
157.241.5.46,192.168.20.48,2022-03-11,6044.00,3,6044.00,0.00,3.00,0.00
192.168.20.43,44.240.184.205,2022-03-11,36458665.00,108,36458665.00,0.00,108.00,0.00
192.168.20.42,142.250.74.240,2022-03-11,436251601.00,451,436251601.00,0.00,451.00,0.00
192.168.20.43,54.231.199.9,2022-03-11,9607183.00,328,9607183.00,0.00,328.00,0.00
209.54.180.49,192.168.20.43,2022-03-11,20159.00,13,20159.00,0.00,13.00,0.00
192.168.20.254,239.255.255.250,2022-02-11,167327.00,48,1719821.50,1552494.50,512.00,464.00
192.168.20.43,35.173.14.214,2022-02-11,4212799.00,10,33871504.00,29658705.00,261.50,251.50
192.168.20.43,209.54.181.12,2022-03-11,416902.00,13,416902.00,0.00,13.00,0.00
192.168.20.18,51.195.117.133,2022-03-11,36128451.00,55,18125023.00,18003428.00,28.50,26.50
192.168.20.43,44.206.125.144,2022-02-11,637655653.00,30,637655653.00,0.00,30.00,0.00
3.140.228.75,192.168.20.48,2022-03-11,12086.00,6,12086.00,0.00,6.00,0.00
192.168.20.48,52.20.206.121,2022-03-11,65279200.00,1839,65279200.00,0.00,1839.00,0.00
192.168.20.20,8.8.8.8,2022-03-11,1137887.00,10,581361.00,556526.00,6.00,4.00
192.168.20.48,176.32.101.46,2022-03-11,1040016.00,18,1040016.00,0.00,18.00,0.00
54.85.101.161,192.168.20.48,2022-03-11,2744.00,2,2744.00,0.00,2.00,0.00
54.207.10.176,192.168.20.48,2022-03-11,1186480.00,5,593752.00,592728.00,3.00,2.00
192.168.20.20,54.220.151.155,2022-02-11,2402346907.00,134,17468256461.00,15065909554.00,1042.00,908.00
192.168.20.43,3.233.174.130,2022-02-11,103335845.00,17,103335845.00,0.00,17.00,0.00
192.168.20.48,72.21.195.82,2022-03-11,2464972.00,48,1673980.50,790991.50,33.00,15.00
52.46.149.63,192.168.20.43,2022-03-11,2738.00,3,2738.00,0.00,3.00,0.00
52.44.87.149,192.168.20.48,2022-03-11,81017.00,3,81017.00,0.00,3.00,0.00
44.240.184.205,192.168.20.43,2022-03-11,93.00,2,93.00,0.00,2.00,0.00
192.168.20.48,52.27.163.92,2022-03-11,1302833.00,24,1302833.00,0.00,24.00,0.00
192.168.20.42,142.250.179.110,2022-03-11,16234895.00,18,16234895.00,0.00,18.00,0.00
192.168.20.43,52.46.136.110,2022-03-11,365792.00,11,365792.00,0.00,11.00,0.00
192.168.20.43,209.54.181.79,2022-03-11,1352046.00,32,1352046.00,0.00,32.00,0.00
192.168.20.48,52.16.104.93,2022-03-11,33791403145.00,2530,33791403145.00,0.00,2530.00,0.00
192.168.20.42,224.0.0.251,2022-03-11,48219658755.00,6854,25175703468.50,23043955286.50,3582.00,3272.00
192.168.20.43,13.225.29.201,2022-03-11,335134575.00,96,169892152.00,165242423.00,54.00,42.00
192.168.20.42,224.0.0.250,2022-03-11,42150014995.00,1362,21975115076.50,20174899918.50,711.00,651.00
52.46.153.177,192.168.20.43,2022-03-11,1247.00,1,1247.00,0.00,1.00,0.00
192.168.20.43,52.216.78.100,2022-03-11,8892573.00,280,8892573.00,0.00,280.00,0.00
192.168.20.48,44.193.236.65,2022-03-11,30018314.00,801,30018314.00,0.00,801.00,0.00
192.168.20.45,200.25.3.11,2022-03-11,163225.00,1,163225.00,0.00,1.00,0.00
192.168.20.43,54.164.163.115,2022-03-11,13666990.00,33,13666990.00,0.00,33.00,0.00
192.168.20.48,54.249.26.192,2022-03-11,5660898.00,53,5660898.00,0.00,53.00,0.00
52.94.240.240,192.168.20.48,2022-03-11,168441.00,1,168441.00,0.00,1.00,0.00
192.168.20.48,52.46.128.39,2022-03-11,2484766.00,48,2484766.00,0.00,48.00,0.00
54.203.166.245,192.168.20.48,2022-03-11,509120.00,5,509120.00,0.00,5.00,0.00
52.94.219.88,192.168.20.43,2022-02-11,6007188.00,6,6007188.00,0.00,6.00,0.00
192.168.20.48,52.94.242.236,2022-03-11,1095271.00,18,1095271.00,0.00,18.00,0.00
192.168.20.43,107.23.85.26,2022-03-11,874886650.00,112,874886650.00,0.00,112.00,0.00
52.76.51.147,192.168.20.48,2022-03-11,375839.00,7,375839.00,0.00,7.00,0.00
192.168.20.43,52.222.193.55,2022-03-11,301643251.00,106,301643251.00,0.00,106.00,0.00
192.168.20.43,52.46.137.138,2022-02-11,366810.00,12,366810.00,0.00,12.00,0.00
192.168.20.43,52.217.136.161,2022-03-11,8791134.00,312,8791134.00,0.00,312.00,0.00
192.168.20.48,54.206.221.238,2022-03-11,6481568.00,57,6481568.00,0.00,57.00,0.00
192.168.20.48,34.206.0.194,2022-03-11,1561287.00,41,1561287.00,0.00,41.00,0.00
18.167.1.113,192.168.20.48,2022-03-11,1469097.00,6,1469097.00,0.00,6.00,0.00
192.168.20.48,3.76.1.196,2022-03-11,953233.00,71,953233.00,0.00,71.00,0.00
192.168.20.43,54.231.139.193,2022-03-11,9332132.00,317,9332132.00,0.00,317.00,0.00
192.168.20.43,52.202.2.34,2022-03-11,13125993.00,34,13125993.00,0.00,34.00,0.00
192.168.20.48,34.252.33.62,2022-03-11,2249015.00,178,1267441.00,981574.00,98.00,80.00
52.206.69.242,192.168.20.48,2022-03-11,8190.00,4,8190.00,0.00,4.00,0.00
192.168.20.43,52.217.139.57,2022-03-11,9554488.00,320,9554488.00,0.00,320.00,0.00
192.168.20.43,3.227.83.236,2022-03-11,65309001.00,53,65309001.00,0.00,53.00,0.00
192.168.20.43,13.225.29.228,2022-03-11,60507733.00,27,60507733.00,0.00,27.00,0.00
35.164.36.47,192.168.20.48,2022-03-11,6613.00,4,6613.00,0.00,4.00,0.00
192.168.20.13,18.195.249.137,2022-03-11,629704.00,29,629704.00,0.00,29.00,0.00
192.168.20.43,3.214.58.173,2022-03-11,76816.00,1,76816.00,0.00,1.00,0.00
192.168.20.43,54.86.198.4,2022-03-11,990429014.00,126,990429014.00,0.00,126.00,0.00
192.168.20.48,54.239.27.116,2022-03-11,910030.00,17,910030.00,0.00,17.00,0.00
192.168.20.43,52.46.136.68,2022-02-11,703809.00,13,703809.00,0.00,13.00,0.00
192.168.20.43,52.95.125.12,2022-03-11,95561573.00,26,70894235.50,24667337.50,46.00,20.00
192.168.20.43,52.46.131.184,2022-03-11,1581879.00,32,1581879.00,0.00,32.00,0.00
192.168.20.48,18.102.88.160,2022-03-11,420698.00,35,420698.00,0.00,35.00,0.00
192.168.20.42,142.250.179.106,2022-03-11,95300432.00,139,95300432.00,0.00,139.00,0.00
192.168.20.48,107.20.127.221,2022-03-11,3418949.00,92,3418949.00,0.00,92.00,0.00
52.222.193.55,192.168.20.48,2022-03-11,8209.00,4,8209.00,0.00,4.00,0.00
192.168.20.43,54.231.204.153,2022-03-11,9009581.00,318,9009581.00,0.00,318.00,0.00
192.168.20.43,184.73.130.219,2022-03-11,36455810.00,291,36455810.00,0.00,291.00,0.00
54.193.16.2,192.168.20.48,2022-02-11,3060.00,2,550742.00,547682.00,5.50,3.50
143.204.231.38,192.168.20.43,2022-03-11,1760.00,1,1760.00,0.00,1.00,0.00
192.168.20.48,35.178.33.97,2022-03-11,1024129.00,37,1024129.00,0.00,37.00,0.00
54.215.58.112,192.168.20.48,2022-03-11,919217.00,5,668801.00,250416.00,3.50,1.50
52.222.193.55,192.168.20.43,2022-03-11,119944430.00,6,119944430.00,0.00,6.00,0.00
67.220.240.30,192.168.20.43,2022-03-11,2333.00,4,2333.00,0.00,4.00,0.00
192.168.20.48,52.202.2.34,2022-03-11,53009726.00,1557,53009726.00,0.00,1557.00,0.00
192.168.20.43,52.217.106.164,2022-03-11,68905017.00,284,68905017.00,0.00,284.00,0.00
142.250.201.174,192.168.20.42,2022-03-11,970.00,1,970.00,0.00,1.00,0.00
192.168.20.48,15.222.185.72,2022-03-11,4099380.00,80,4099380.00,0.00,80.00,0.00
192.168.20.42,216.58.201.234,2022-03-11,703547.00,22,703547.00,0.00,22.00,0.00
3.71.131.162,192.168.20.48,2022-03-11,12572.00,4,12572.00,0.00,4.00,0.00
192.168.20.48,75.2.1.39,2022-03-11,239593.00,14,239593.00,0.00,14.00,0.00
108.136.92.85,192.168.20.48,2022-03-11,737372.00,6,737372.00,0.00,6.00,0.00
192.168.20.42,35.188.42.15,2022-03-11,108693131.00,13,108693131.00,0.00,13.00,0.00
192.168.20.12,18.195.249.137,2022-03-11,553658.00,29,553658.00,0.00,29.00,0.00
192.168.20.43,8.8.8.8,2022-03-11,21132935.00,1055,10975538.00,10157397.00,569.00,486.00
192.168.20.43,54.231.231.9,2022-03-11,8793674.00,308,8793674.00,0.00,308.00,0.00
192.168.20.43,143.204.231.88,2022-03-11,60122051.00,16,60122051.00,0.00,16.00,0.00
192.168.20.20,224.0.0.251,2022-03-11,1567780.00,46,797478.50,770301.50,24.00,22.00
192.168.20.43,13.225.29.97,2022-03-11,150118134.00,28,150118134.00,0.00,28.00,0.00
3.1.115.53,192.168.20.48,2022-03-11,1055356.00,10,1055356.00,0.00,10.00,0.00
192.168.20.43,52.49.90.101,2022-02-11,69763057.00,15,69763057.00,0.00,15.00,0.00
44.197.43.221,192.168.20.43,2022-03-11,79542.00,6,51305.50,28236.50,9.50,3.50
192.168.20.48,34.237.111.59,2022-03-11,45967133.00,1374,45967133.00,0.00,1374.00,0.00
192.168.20.43,52.222.145.55,2022-03-11,60337796.00,34,60337796.00,0.00,34.00,0.00
192.168.20.48,18.206.129.39,2022-02-11,1824794580.00,83,21325381788.00,19500587208.00,983.50,900.50
192.168.20.43,52.20.206.121,2022-03-11,87628474.00,36,87628474.00,0.00,36.00,0.00
34.206.0.194,192.168.20.48,2022-03-11,3009.00,2,3009.00,0.00,2.00,0.00
192.168.20.43,107.20.216.54,2022-03-11,786745131.00,98,786745131.00,0.00,98.00,0.00
216.58.215.42,192.168.20.42,2022-03-11,77.00,2,77.00,0.00,2.00,0.00
192.168.20.19,54.78.125.193,2022-02-11,21736562.00,56,180050364.00,158313802.00,500.00,444.00
192.168.20.43,54.92.237.197,2022-03-11,1322595518.00,168,1322595518.00,0.00,168.00,0.00
192.168.20.48,54.243.58.104,2022-02-11,881193.00,21,48348771.00,47467578.00,1393.00,1372.00
192.168.20.43,52.46.145.112,2022-03-11,528249.00,34,528249.00,0.00,34.00,0.00
100.21.0.103,192.168.20.43,2022-02-11,21352.00,21,21352.00,0.00,21.00,0.00
192.168.20.12,3.120.92.134,2022-02-11,3060225430.00,130,34410306522.00,31350081092.00,1507.50,1377.50
192.168.20.43,143.204.231.118,2022-03-11,60283288.00,195,60283288.00,0.00,195.00,0.00
192.168.20.43,224.0.0.22,2022-02-11,47639567.00,5,47639567.00,0.00,5.00,0.00
192.168.20.43,52.217.166.41,2022-03-11,9044620.00,323,9044620.00,0.00,323.00,0.00
192.168.20.43,54.187.92.102,2022-03-11,51940797.00,108,51940797.00,0.00,108.00,0.00
192.168.20.43,52.94.231.222,2022-02-11,8977969.00,325,4803248.50,4174720.50,171.00,154.00
192.168.20.43,92.243.6.5,2022-02-11,2262.00,1,2262.00,0.00,1.00,0.00
Source IP,Destination IP,Date,Total Flow Duration,Total Forward Packets,Average Flow Duration,StdDev Flow Duration,Average Forward Packets,StdDev Forward Packets
192.168.20.15,255.255.255.255,2022-03-11,79514392859.00,27173,41546627721.50,37967765137.50,14198.00,12975.00
192.168.20.48,3.92.103.73,2022-03-11,2106278.00,42,2106278.00,0.00,42.00,0.00
54.171.11.240,192.168.20.19,2022-02-11,1380.00,3,16880.50,15500.50,37.00,34.00
209.54.181.79,192.168.20.43,2022-03-11,2921.00,6,2921.00,0.00,6.00,0.00
192.168.20.43,34.98.74.57,2022-02-11,21484.00,5,21484.00,0.00,5.00,0.00
52.214.227.89,192.168.20.43,2022-03-11,1572.00,8,1572.00,0.00,8.00,0.00
44.199.52.214,192.168.20.48,2022-03-11,4258648.00,83,4258648.00,0.00,83.00,0.00
192.168.20.43,143.204.231.122,2022-02-11,2731968.00,6,2731968.00,0.00,6.00,0.00
192.168.20.10,35.195.102.202,2022-03-11,78201106434.00,41410,40835492370.50,37365614063.50,20949.50,20460.50
192.168.20.48,52.72.11.176,2022-03-11,886566.00,19,886566.00,0.00,19.00,0.00
192.168.20.43,209.54.181.86,2022-02-11,786906.00,18,786906.00,0.00,18.00,0.00
52.214.227.89,192.168.20.48,2022-03-11,2446.00,14,2446.00,0.00,14.00,0.00
18.163.70.120,192.168.20.48,2022-03-11,300140.00,1,300140.00,0.00,1.00,0.00
44.199.138.71,192.168.20.48,2022-03-11,1099232.00,28,1099232.00,0.00,28.00,0.00
216.58.206.238,192.168.20.42,2022-03-11,45039235.00,7,45039235.00,0.00,7.00,0.00
192.168.20.19,54.217.52.155,2022-03-11,10509424822.00,2785,5410053904.50,5099370917.50,1467.50,1317.50
192.168.20.43,44.197.43.221,2022-03-11,128080296.00,2066,86390647.00,41689649.00,1869.00,197.00
192.168.20.48,3.33.199.61,2022-03-11,419887.00,14,419887.00,0.00,14.00,0.00
8.6.0.1,8.0.6.4,2022-03-11,79837403095.00,39650,41692287079.00,38145116016.00,20905.50,18744.50
43.205.35.127,192.168.20.48,2022-03-11,502330.00,5,502330.00,0.00,5.00,0.00
192.168.20.15,3.126.235.192,2022-03-11,194930.00,17,194930.00,0.00,17.00,0.00
192.168.20.48,35.171.216.243,2022-03-11,396270.00,18,396270.00,0.00,18.00,0.00
52.79.118.208,192.168.20.48,2022-03-11,695386.00,3,695386.00,0.00,3.00,0.00
192.168.20.42,142.250.179.74,2022-03-11,200026203.00,64,200026203.00,0.00,64.00,0.00
192.168.20.48,3.227.83.236,2022-03-11,26419807.00,772,26419807.00,0.00,772.00,0.00
52.78.15.113,192.168.20.48,2022-03-11,804491.00,3,804491.00,0.00,3.00,0.00
192.168.20.43,52.2.208.65,2022-03-11,1314921599.00,168,1314921599.00,0.00,168.00,0.00
13.37.191.91,192.168.20.48,2022-03-11,8891.00,5,8891.00,0.00,5.00,0.00
192.168.20.43,3.212.205.83,2022-02-11,7411979.00,29,68599683.00,61187704.00,101.00,72.00
192.168.20.48,3.140.228.75,2022-03-11,3410685.00,87,3410685.00,0.00,87.00,0.00
192.168.20.19,216.239.35.4,2022-03-11,109663.00,19,57722.50,51940.50,10.00,9.00
54.166.21.152,192.168.20.48,2022-03-11,2485193.00,24,2485193.00,0.00,24.00,0.00
192.168.20.19,216.239.35.8,2022-03-11,116735.00,20,116735.00,0.00,20.00,0.00
192.168.20.43,209.54.183.244,2022-03-11,360801.00,11,360801.00,0.00,11.00,0.00
143.204.231.118,192.168.20.43,2022-03-11,764.00,3,764.00,0.00,3.00,0.00
142.250.179.106,192.168.20.42,2022-03-11,5888.00,10,5888.00,0.00,10.00,0.00
54.158.105.246,192.168.20.48,2022-03-11,324799.00,3,324799.00,0.00,3.00,0.00
192.168.20.48,255.255.255.255,2022-03-11,43115.00,72,43115.00,0.00,72.00,0.00
192.168.20.43,13.225.29.39,2022-03-11,261141061.00,235,261141061.00,0.00,235.00,0.00
192.168.20.19,216.239.35.0,2022-02-11,5654.00,1,60177.50,54523.50,10.50,9.50
192.168.20.42,255.255.255.255,2022-02-11,3902365751.00,121,46028283786.00,42125918035.00,1419.00,1298.00
52.94.225.227,192.168.20.43,2022-03-11,1398.00,2,1398.00,0.00,2.00,0.00
192.168.20.43,143.204.231.38,2022-03-11,30112352.00,6,30112352.00,0.00,6.00,0.00
192.168.20.43,209.54.183.240,2022-03-11,494881.00,12,494881.00,0.00,12.00,0.00
192.168.20.42,142.250.179.99,2022-03-11,195441539.00,48,195441539.00,0.00,48.00,0.00
192.168.20.19,224.0.0.251,2022-03-11,41200098595.00,1446,21538456970.50,19661641624.50,756.50,689.50
192.168.20.48,52.207.104.123,2022-03-11,466503.00,13,466503.00,0.00,13.00,0.00
192.168.20.48,44.199.52.214,2022-03-11,74296597.00,2132,74296597.00,0.00,2132.00,0.00
52.222.149.3,192.168.20.48,2022-03-11,97091.00,1,97091.00,0.00,1.00,0.00
209.54.179.233,192.168.20.43,2022-02-11,28080.00,2,14808.50,13271.50,2.50,0.50
192.168.20.42,74.125.206.188,2022-03-11,9967833910.00,354,9967833910.00,0.00,354.00,0.00
3.227.83.236,192.168.20.48,2022-03-11,2210932.00,31,2210932.00,0.00,31.00,0.00
192.168.20.43,52.27.163.92,2022-02-11,8851266.00,17,39167196.00,30315930.00,79.50,62.50
192.168.20.43,176.32.101.122,2022-02-11,12386773.00,29,12386773.00,0.00,29.00,0.00
192.168.20.42,151.101.194.217,2022-03-11,429605807.00,28,429605807.00,0.00,28.00,0.00
192.168.20.43,44.209.146.104,2022-03-11,768830848.00,98,768830848.00,0.00,98.00,0.00
54.164.163.115,192.168.20.48,2022-03-11,2842070.00,39,2842070.00,0.00,39.00,0.00
192.168.20.43,35.167.225.196,2022-02-11,100457157.00,55,76654108.50,23803048.50,93.00,38.00
54.164.163.115,192.168.20.43,2022-03-11,111.00,2,111.00,0.00,2.00,0.00
192.168.20.48,18.216.180.71,2022-03-11,3768717.00,96,3768717.00,0.00,96.00,0.00
192.168.20.43,3.208.140.212,2022-03-11,31995877.00,295,31995877.00,0.00,295.00,0.00
209.54.177.114,192.168.20.48,2022-03-11,558852.00,1,558852.00,0.00,1.00,0.00
18.164.55.101,192.168.20.43,2022-03-11,59968693.00,2,59968693.00,0.00,2.00,0.00
192.168.20.42,142.250.178.142,2022-03-11,32505493.00,36,20348331.00,12157162.00,22.50,13.50
43.205.185.100,192.168.20.48,2022-03-11,1131600.00,15,1131600.00,0.00,15.00,0.00
192.168.20.43,143.204.231.58,2022-02-11,100322963.00,413,98994195.50,1328767.50,238.00,175.00
192.168.20.43,3.211.221.42,2022-03-11,1215420988.00,154,1215420988.00,0.00,154.00,0.00
108.137.188.162,192.168.20.48,2022-03-11,3960.00,3,3960.00,0.00,3.00,0.00
143.204.231.122,192.168.20.43,2022-02-11,1775.00,1,1775.00,0.00,1.00,0.00
192.168.20.48,18.163.70.120,2022-03-11,1389111.00,21,1389111.00,0.00,21.00,0.00
192.168.20.48,52.46.155.120,2022-03-11,879696.00,17,879696.00,0.00,17.00,0.00
192.168.20.45,54.183.77.141,2022-03-11,61518421563.00,5448,32112897532.00,29405524031.00,2844.00,2604.00
192.168.20.43,8.8.4.4,2022-03-11,12550.00,1,12766.00,216.00,1.00,0.00
192.168.20.43,3.5.16.151,2022-03-11,8685000.00,225,8685000.00,0.00,225.00,0.00
192.168.20.19,120.25.115.20,2022-03-11,4674267.00,18,2465608.00,2208659.00,9.50,8.50
192.168.20.48,54.92.128.108,2022-03-11,1694146.00,43,1694146.00,0.00,43.00,0.00
13.54.168.82,192.168.20.48,2022-03-11,1241.00,1,1241.00,0.00,1.00,0.00
192.168.20.43,52.46.133.103,2022-03-11,1104477.00,30,1104477.00,0.00,30.00,0.00
192.168.20.48,44.198.224.47,2022-03-11,23680863.00,621,23680863.00,0.00,621.00,0.00
192.168.20.43,34.195.175.66,2022-03-11,112691964.00,53,112691964.00,0.00,53.00,0.00
13.245.125.189,192.168.20.48,2022-03-11,983375.00,11,983375.00,0.00,11.00,0.00
34.236.178.92,192.168.20.48,2022-03-11,63452.00,4,63452.00,0.00,4.00,0.00
54.161.46.108,192.168.20.48,2022-02-11,82194.00,2,82194.00,0.00,2.00,0.00
192.168.20.48,34.236.178.92,2022-03-11,4116060.00,84,4116060.00,0.00,84.00,0.00
192.168.20.43,13.225.38.171,2022-03-11,1993273114.00,1287,1163773148.00,829499966.00,770.00,517.00
192.168.20.42,192.168.20.1,2022-03-11,41447852408.00,2597,21669032135.50,19778820272.50,1361.00,1236.00
34.250.50.152,192.168.20.48,2022-03-11,100403.00,5,100403.00,0.00,5.00,0.00
192.168.20.43,3.92.103.73,2022-03-11,103485016.00,312,103485016.00,0.00,312.00,0.00
192.168.20.20,18.200.177.60,2022-03-11,21889628320.00,1438,21889628320.00,0.00,1438.00,0.00
52.94.217.61,192.168.20.43,2022-03-11,1056.00,1,1056.00,0.00,1.00,0.00
192.168.20.43,34.232.93.236,2022-03-11,32064737.00,198,18134313.00,13930424.00,114.50,83.50
192.168.20.48,52.46.158.193,2022-03-11,888852.00,17,888852.00,0.00,17.00,0.00
192.168.20.48,52.222.165.187,2022-03-11,1272277.00,74,1272277.00,0.00,74.00,0.00
192.168.20.45,239.255.255.250,2022-02-11,2729919420.00,840,32236626992.50,29506707572.50,9935.50,9095.50
192.168.20.48,35.173.74.42,2022-03-11,789411.00,35,789411.00,0.00,35.00,0.00
34.203.4.32,192.168.20.48,2022-03-11,10852.00,2,10852.00,0.00,2.00,0.00
192.168.20.19,224.0.0.22,2022-03-11,362513582.00,1356,190879487.50,171634094.50,708.00,648.00
192.168.20.48,54.207.10.176,2022-02-11,1525134.00,17,4305508.50,2780374.50,47.00,30.00
192.168.20.19,34.117.13.189,2022-02-11,2906916780.00,161,33799872324.50,30892955544.50,1995.50,1834.50
13.225.29.201,192.168.20.43,2022-03-11,17099.00,4,9877.50,7221.50,2.50,1.50
192.168.20.43,52.46.133.115,2022-03-11,94468753.00,18,94468753.00,0.00,18.00,0.00
192.168.20.43,143.204.231.23,2022-02-11,2823051.00,6,2823051.00,0.00,6.00,0.00
13.225.29.131,192.168.20.43,2022-03-11,60093093.00,16,30048598.00,30044495.00,8.50,7.50
18.216.180.71,192.168.20.48,2022-03-11,441373.00,8,441373.00,0.00,8.00,0.00
192.168.20.19,54.171.25.87,2022-03-11,287798916.00,778,154610581.00,133188335.00,418.00,360.00
192.168.20.48,205.251.206.22,2022-03-11,14321734.00,329,14321734.00,0.00,329.00,0.00
13.246.0.149,192.168.20.48,2022-03-11,679846.00,4,358094.00,321752.00,3.50,0.50
192.168.20.19,108.128.53.179,2022-03-11,8238880144.00,2221,4301656121.00,3937224023.00,1159.00,1062.00
192.168.20.43,3.237.53.195,2022-03-11,22471945.00,150,22471945.00,0.00,150.00,0.00
192.168.20.43,52.94.241.146,2022-02-11,71785428.00,33,71785428.00,0.00,33.00,0.00
192.168.20.48,34.204.236.57,2022-03-11,1978982.00,46,1978982.00,0.00,46.00,0.00
192.168.20.42,216.239.35.12,2022-03-11,196471.00,16,110560.00,85911.00,9.00,7.00
192.168.20.43,3.212.27.131,2022-03-11,557593324.00,70,557593324.00,0.00,70.00,0.00
192.168.20.43,54.70.5.180,2022-03-11,126472103.00,188,126472103.00,0.00,188.00,0.00
13.246.174.39,192.168.20.48,2022-03-11,830387.00,5,830387.00,0.00,5.00,0.00
192.168.20.48,13.246.0.149,2022-03-11,2054920.00,37,2418567.00,363647.00,39.00,2.00
151.101.62.248,192.168.20.42,2022-03-11,3662.00,6,3662.00,0.00,6.00,0.00
54.70.5.180,192.168.20.43,2022-03-11,6103.00,1,6103.00,0.00,1.00,0.00
192.168.20.43,44.227.96.221,2022-03-11,61573454.00,146,61573454.00,0.00,146.00,0.00
192.168.20.48,54.173.93.68,2022-03-11,2898932.00,58,2898932.00,0.00,58.00,0.00
54.173.93.68,192.168.20.48,2022-03-11,246512.00,4,246512.00,0.00,4.00,0.00
192.168.20.19,239.255.255.250,2022-02-11,2440569296.00,432,28442041854.00,26001472558.00,5052.00,4620.00
192.168.20.48,18.205.68.150,2022-03-11,76868.00,1,76868.00,0.00,1.00,0.00
192.168.20.43,52.46.155.15,2022-03-11,1048609.00,39,1048609.00,0.00,39.00,0.00
192.168.20.43,3.227.176.159,2022-02-11,56760429.00,10,419220860.00,362460431.00,54.00,44.00
52.218.40.120,192.168.20.48,2022-03-11,227605.00,5,227605.00,0.00,5.00,0.00
192.168.20.43,44.193.236.65,2022-03-11,25993558.00,39,25993558.00,0.00,39.00,0.00
35.171.216.243,192.168.20.48,2022-03-11,1219.00,1,1219.00,0.00,1.00,0.00
192.168.20.48,54.157.203.98,2022-03-11,7136822.00,191,3817276.00,3319546.00,104.00,87.00
18.214.180.6,192.168.20.48,2022-02-11,1995514.00,29,2170791.00,175277.00,45.50,16.50
192.168.20.43,52.217.204.32,2022-03-11,8441618.00,54,8441618.00,0.00,54.00,0.00
192.168.20.48,43.201.125.242,2022-03-11,9498238.00,90,9498238.00,0.00,90.00,0.00
157.175.241.61,192.168.20.48,2022-03-11,308011.00,6,154979.50,153031.50,3.50,2.50
192.168.20.40,255.255.255.255,2022-03-11,4984974193.00,165,4984974193.00,0.00,165.00,0.00
192.168.20.48,13.225.31.129,2022-03-11,56213646.00,1462,29247720.00,26965926.00,771.00,691.00
209.54.183.240,192.168.20.43,2022-03-11,1454.00,3,1454.00,0.00,3.00,0.00
192.168.20.43,54.166.21.152,2022-03-11,13112555.00,18,13112555.00,0.00,18.00,0.00
192.168.20.43,143.204.226.92,2022-03-11,60093071.00,53,60093071.00,0.00,53.00,0.00
54.195.209.68,192.168.20.48,2022-03-11,17591.00,2,9340.00,8251.00,1.50,0.50
192.168.20.43,52.73.50.224,2022-03-11,124145409.00,268,124145409.00,0.00,268.00,0.00
52.207.104.123,192.168.20.48,2022-03-11,556144.00,2,556144.00,0.00,2.00,0.00
52.46.136.110,192.168.20.43,2022-03-11,15861.00,3,15861.00,0.00,3.00,0.00
192.168.20.42,216.239.35.0,2022-03-11,223326.00,39,223326.00,0.00,39.00,0.00
192.168.20.48,13.48.15.205,2022-03-11,2050223.00,95,2050223.00,0.00,95.00,0.00
192.168.20.43,52.94.218.244,2022-03-11,8162692.00,53,8162692.00,0.00,53.00,0.00
3.18.23.108,192.168.20.48,2022-03-11,4293.00,3,4293.00,0.00,3.00,0.00
3.33.199.61,192.168.20.48,2022-03-11,208041.00,2,208041.00,0.00,2.00,0.00
192.168.20.43,52.36.138.241,2022-03-11,43935310.00,106,43935310.00,0.00,106.00,0.00
192.168.20.15,52.59.40.69,2022-03-11,65940576725.00,2908,34589759451.00,31350817274.00,1519.50,1388.50
192.168.20.48,52.214.227.89,2022-02-11,3098096509.00,254,10762410501.50,7664313992.50,818.00,564.00
192.168.20.43,34.234.151.208,2022-03-11,545624578.00,70,545624578.00,0.00,70.00,0.00
192.168.20.48,54.203.166.245,2022-03-11,4963769.00,61,4963769.00,0.00,61.00,0.00
54.232.199.45,192.168.20.48,2022-03-11,2680.00,2,2680.00,0.00,2.00,0.00
192.168.20.42,216.239.35.4,2022-03-11,107774.00,19,107774.00,0.00,19.00,0.00
192.168.20.48,3.71.131.162,2022-03-11,1053578.00,70,1053578.00,0.00,70.00,0.00
192.168.20.42,216.239.35.8,2022-02-11,5681.00,1,60253.50,54572.50,10.50,9.50
192.168.20.48,13.246.174.39,2022-03-11,5825356.00,77,5825356.00,0.00,77.00,0.00
16.16.59.238,192.168.20.48,2022-03-11,154882.00,5,154882.00,0.00,5.00,0.00
192.168.20.43,209.54.177.157,2022-02-11,449006.00,11,449006.00,0.00,11.00,0.00
192.168.20.43,3.224.166.115,2022-03-11,31334678.00,196,31334678.00,0.00,196.00,0.00
52.94.218.244,192.168.20.43,2022-03-11,33330.00,3,33330.00,0.00,3.00,0.00
216.58.213.70,192.168.20.42,2022-03-11,1112.00,1,1112.00,0.00,1.00,0.00
192.168.20.43,52.216.113.59,2022-03-11,116733196.00,322,116733196.00,0.00,322.00,0.00
192.168.20.48,43.205.185.100,2022-03-11,15042078.00,174,15042078.00,0.00,174.00,0.00
192.168.20.43,52.94.236.45,2022-03-11,528128.00,32,528128.00,0.00,32.00,0.00
192.168.20.43,52.95.127.117,2022-03-11,224452476.00,53,224452476.00,0.00,53.00,0.00
192.168.20.43,54.161.26.204,2022-03-11,102770112.00,241,102770112.00,0.00,241.00,0.00
192.168.20.43,100.21.0.103,2022-03-11,35455670.00,90,236510541.50,201054871.50,239.50,149.50
192.168.20.48,52.84.177.20,2022-03-11,3796839.00,80,3796839.00,0.00,80.00,0.00
192.168.20.45,193.150.34.2,2022-03-11,9904.00,1,9904.00,0.00,1.00,0.00
192.168.20.48,52.79.118.208,2022-03-11,6314494.00,54,6314494.00,0.00,54.00,0.00
192.168.20.48,15.236.150.135,2022-03-11,1028152.00,55,1028152.00,0.00,55.00,0.00
192.168.20.43,52.94.225.227,2022-03-11,365241.00,12,365241.00,0.00,12.00,0.00
192.168.20.43,52.216.152.156,2022-03-11,120377199.00,311,120377199.00,0.00,311.00,0.00
192.168.20.48,54.164.163.115,2022-03-11,36967136.00,1000,36967136.00,0.00,1000.00,0.00
192.168.20.43,209.54.178.166,2022-03-11,455079.00,11,455079.00,0.00,11.00,0.00
52.95.126.126,192.168.20.43,2022-03-11,2902.00,1,2902.00,0.00,1.00,0.00
52.222.145.55,192.168.20.43,2022-03-11,119927669.00,4,119927669.00,0.00,4.00,0.00
192.168.20.42,216.58.206.238,2022-03-11,2852330454.00,739,2852330454.00,0.00,739.00,0.00
192.168.20.43,52.46.158.193,2022-03-11,460358.00,10,460358.00,0.00,10.00,0.00
192.168.20.43,52.84.177.20,2022-03-11,1104149.00,72,1104149.00,0.00,72.00,0.00
192.168.20.48,157.175.241.61,2022-02-11,1197740.00,19,2882991.50,1685251.50,45.50,26.50
216.58.209.234,192.168.20.42,2022-03-11,1548.00,3,1548.00,0.00,3.00,0.00
192.168.20.48,54.221.200.137,2022-03-11,40212580.00,1120,40212580.00,0.00,1120.00,0.00
192.168.20.42,216.58.206.234,2022-03-11,23896124.00,67,23896124.00,0.00,67.00,0.00
192.168.20.48,3.18.23.108,2022-03-11,2297937.00,52,2297937.00,0.00,52.00,0.00
192.168.20.43,3.232.127.207,2022-03-11,19909029.00,148,19909029.00,0.00,148.00,0.00
216.58.214.78,192.168.20.42,2022-03-11,3064.00,2,3064.00,0.00,2.00,0.00
192.168.20.48,3.222.37.116,2022-03-11,6557082.00,137,6557082.00,0.00,137.00,0.00
13.225.29.97,192.168.20.43,2022-03-11,6199.00,1,6199.00,0.00,1.00,0.00
192.168.20.43,54.208.221.42,2022-03-11,767337389.00,98,767337389.00,0.00,98.00,0.00
52.95.127.117,192.168.20.43,2022-03-11,1201.00,1,1201.00,0.00,1.00,0.00
72.21.195.82,192.168.20.43,2022-02-11,5138.00,1,5138.00,0.00,1.00,0.00
52.222.165.91,192.168.20.43,2022-03-11,159201.00,12,159201.00,0.00,12.00,0.00
52.46.137.138,192.168.20.43,2022-02-11,32484.00,3,32484.00,0.00,3.00,0.00
192.168.20.43,151.101.1.16,2022-02-11,75545382.00,1785,37844260.50,37701121.50,912.00,873.00
54.157.203.98,192.168.20.48,2022-03-11,413209.00,7,207544.50,205664.50,4.00,3.00
192.168.20.48,44.195.229.105,2022-03-11,2132305.00,69,2132305.00,0.00,69.00,0.00
192.168.20.43,54.239.27.116,2022-03-11,87228668.00,24,87228668.00,0.00,24.00,0.00
72.21.195.82,192.168.20.48,2022-03-11,249416.00,5,249416.00,0.00,5.00,0.00
192.168.20.42,173.194.76.188,2022-03-11,82305730291.00,3354,82305730291.00,0.00,3354.00,0.00
34.195.175.66,192.168.20.48,2022-02-11,2273081.00,25,2552260.50,279179.50,38.50,13.50
192.168.20.43,239.255.255.250,2022-03-11,95140255.00,1191,51052466.00,44087789.00,619.50,571.50
192.168.20.43,52.216.140.44,2022-03-11,9853752.00,301,9853752.00,0.00,301.00,0.00
192.168.20.43,44.234.113.198,2022-02-11,16459271.00,56,128215563.00,111756292.00,165.00,109.00
192.168.20.43,209.54.177.114,2022-03-11,349082089.00,41,349082089.00,0.00,41.00,0.00
192.168.20.48,15.161.86.203,2022-03-11,1097524.00,54,1097524.00,0.00,54.00,0.00
192.168.20.43,44.198.224.47,2022-03-11,140247240.00,55,140247240.00,0.00,55.00,0.00
192.168.20.43,52.222.200.21,2022-03-11,459454.00,35,459454.00,0.00,35.00,0.00
192.168.20.43,52.94.219.88,2022-02-11,144782659.00,3,289167517.50,144384858.50,99.00,96.00
192.168.20.42,142.250.201.163,2022-03-11,410416210.00,206,410416210.00,0.00,206.00,0.00
16.163.233.23,192.168.20.48,2022-03-11,192587.00,4,192587.00,0.00,4.00,0.00
192.168.20.48,52.46.149.29,2022-03-11,921289.00,17,921289.00,0.00,17.00,0.00
192.168.20.43,52.217.98.244,2022-03-11,8829166.00,317,8829166.00,0.00,317.00,0.00
3.6.255.210,192.168.20.48,2022-03-11,460981.00,5,460981.00,0.00,5.00,0.00
192.168.20.45,108.177.15.108,2022-03-11,10078780.00,4,10078780.00,0.00,4.00,0.00
192.168.20.45,108.177.15.109,2022-03-11,10036506.00,4,10036506.00,0.00,4.00,0.00
192.168.20.48,72.21.207.82,2022-03-11,3741416.00,51,3741416.00,0.00,51.00,0.00
192.168.20.43,54.236.174.203,2022-03-11,998803645.00,126,998803645.00,0.00,126.00,0.00
192.168.20.48,18.156.17.11,2022-03-11,1000994.00,58,786783.00,214211.00,37.50,20.50
52.46.137.209,192.168.20.43,2022-03-11,4095.00,5,4095.00,0.00,5.00,0.00
192.168.20.42,216.58.213.67,2022-03-11,75307978050.00,6620,39199690795.50,36108287254.50,3403.50,3216.50
192.168.20.19,216.239.35.12,2022-02-11,12301.00,1,129693.50,117392.50,10.50,9.50
192.168.20.43,54.91.103.251,2022-03-11,65664342.00,64,65664342.00,0.00,64.00,0.00
192.168.20.42,142.250.201.174,2022-03-11,213457127.00,163,213457127.00,0.00,163.00,0.00
192.168.20.42,142.250.201.170,2022-02-11,10288554.00,47,55662692.50,45374138.50,100.00,53.00
54.238.156.226,192.168.20.48,2022-03-11,1106881.00,8,1106881.00,0.00,8.00,0.00
192.168.20.43,54.209.44.8,2022-03-11,68964441.00,1967,36683545.50,32280895.50,990.50,976.50
192.168.20.19,64.233.184.206,2022-02-11,2697694023.00,122,32178357152.00,29480663129.00,1465.50,1343.50
142.250.75.234,192.168.20.42,2022-03-11,21948.00,2,21948.00,0.00,2.00,0.00
54.221.200.137,192.168.20.48,2022-03-11,3521223.00,45,3521223.00,0.00,45.00,0.00
192.168.20.43,18.203.57.224,2022-03-11,23569424200.00,3420,12546758159.50,11022666040.50,2402.50,1017.50
192.168.20.43,52.205.66.64,2022-03-11,27115422.00,242,27115422.00,0.00,242.00,0.00
192.168.20.48,52.46.157.6,2022-03-11,1797590.00,18,1797590.00,0.00,18.00,0.00
192.168.20.43,18.164.55.101,2022-03-11,60229118.00,27,60229118.00,0.00,27.00,0.00
52.94.236.45,192.168.20.43,2022-03-11,4026.00,3,4026.00,0.00,3.00,0.00
52.46.149.61,192.168.20.43,2022-03-11,1251.00,3,1251.00,0.00,3.00,0.00
35.178.33.97,192.168.20.48,2022-03-11,8711.00,3,8711.00,0.00,3.00,0.00
52.46.149.60,192.168.20.43,2022-03-11,4891.00,5,4891.00,0.00,5.00,0.00
13.48.15.205,192.168.20.48,2022-03-11,272028.00,6,272028.00,0.00,6.00,0.00
192.168.20.43,52.16.104.93,2022-03-11,29780497177.00,6010,29780497177.00,0.00,6010.00,0.00
192.168.20.43,35.174.51.236,2022-03-11,27558342.00,254,27558342.00,0.00,254.00,0.00
216.58.214.74,192.168.20.42,2022-03-11,16483.00,2,16483.00,0.00,2.00,0.00
52.94.224.4,192.168.20.43,2022-03-11,1046.00,2,1046.00,0.00,2.00,0.00
192.168.20.43,3.220.182.54,2022-03-11,19814073.00,87,19814073.00,0.00,87.00,0.00
35.173.74.42,192.168.20.48,2022-03-11,2357.00,2,2357.00,0.00,2.00,0.00
209.54.183.200,192.168.20.48,2022-03-11,251899.00,4,251899.00,0.00,4.00,0.00
34.204.236.57,192.168.20.48,2022-03-11,482324.00,2,482324.00,0.00,2.00,0.00
192.168.20.48,52.222.149.3,2022-03-11,68652.00,11,68652.00,0.00,11.00,0.00
192.168.20.43,52.46.157.6,2022-03-11,108285112.00,11,108285112.00,0.00,11.00,0.00
52.84.177.10,192.168.20.45,2022-03-11,3620.00,2,3620.00,0.00,2.00,0.00
192.168.20.42,216.58.215.42,2022-03-11,91003157.00,37,91003157.00,0.00,37.00,0.00
192.168.20.43,52.119.198.101,2022-03-11,90817706.00,10,90817706.00,0.00,10.00,0.00
34.252.33.62,192.168.20.48,2022-02-11,1007.00,1,8221.00,7214.00,5.50,4.50
54.194.135.95,192.168.20.20,2022-03-11,3608.00,2,3608.00,0.00,2.00,0.00
192.168.20.43,54.239.33.155,2022-02-11,106815939.00,27,106815939.00,0.00,27.00,0.00
192.168.20.13,255.255.255.255,2022-02-11,3529970671.00,735,40852780449.00,37322809778.00,8519.50,7784.50
192.168.20.43,52.94.231.169,2022-03-11,184961186.00,21,184961186.00,0.00,21.00,0.00
192.168.20.48,54.88.239.62,2022-03-11,850839.00,12,850839.00,0.00,12.00,0.00
3.105.75.37,192.168.20.48,2022-03-11,2188.00,2,2188.00,0.00,2.00,0.00
192.168.20.43,34.194.49.5,2022-03-11,1003047330.00,126,611572154.00,391475176.00,77.00,49.00
192.168.20.19,8.8.8.8,2022-03-11,3755647.00,898,1916176.00,1839471.00,460.00,438.00
192.168.20.43,52.119.198.109,2022-03-11,107167272.00,10,107167272.00,0.00,10.00,0.00
192.168.20.43,52.119.198.106,2022-03-11,89780056.00,10,89780056.00,0.00,10.00,0.00
192.168.20.43,209.54.179.88,2022-03-11,431215.00,10,431215.00,0.00,10.00,0.00
192.168.20.48,52.46.128.81,2022-03-11,526066.00,14,526066.00,0.00,14.00,0.00
192.168.20.48,54.68.250.149,2022-03-11,5912629.00,71,5912629.00,0.00,71.00,0.00
192.168.20.48,52.46.131.169,2022-03-11,848621.00,17,848621.00,0.00,17.00,0.00
63.32.248.122,192.168.20.19,2022-02-11,1391.00,3,15567.50,14176.50,34.00,31.00
192.168.20.43,67.220.240.31,2022-03-11,849499.00,30,849499.00,0.00,30.00,0.00
192.168.20.43,67.220.240.30,2022-03-11,944433.00,24,944433.00,0.00,24.00,0.00
192.168.20.43,3.218.120.56,2022-03-11,1205182254.00,154,1205182254.00,0.00,154.00,0.00
18.203.57.224,192.168.20.43,2022-03-11,6508.00,9,6508.00,0.00,9.00,0.00
192.168.20.43,34.194.31.220,2022-03-11,991588320.00,126,991588320.00,0.00,126.00,0.00
192.168.20.43,54.226.11.35,2022-03-11,26500370.00,226,26500370.00,0.00,226.00,0.00
15.184.245.166,192.168.20.48,2022-03-11,514124.00,3,514124.00,0.00,3.00,0.00
192.168.20.43,35.155.9.57,2022-03-11,109321009.00,129,109321009.00,0.00,129.00,0.00
192.168.20.43,52.119.197.246,2022-03-11,4255463.00,100,2971743.00,1283720.00,58.50,41.50
142.250.74.240,192.168.20.42,2022-03-11,4108.00,2,4108.00,0.00,2.00,0.00
52.202.2.34,192.168.20.48,2022-03-11,4382792.00,63,4382792.00,0.00,63.00,0.00
192.168.20.43,52.205.164.240,2022-03-11,767781013.00,98,438433991.50,329347021.50,56.00,42.00
142.250.179.74,192.168.20.42,2022-03-11,36213.00,2,36213.00,0.00,2.00,0.00
192.168.20.48,34.202.104.124,2022-03-11,165791.00,5,165791.00,0.00,5.00,0.00
18.203.57.224,192.168.20.48,2022-02-11,212338780.00,28,106171478.00,106167302.00,18.50,9.50
192.168.20.43,209.54.180.49,2022-03-11,3443153.00,84,3443153.00,0.00,84.00,0.00
192.168.20.43,209.54.180.48,2022-03-11,535680.00,12,535680.00,0.00,12.00,0.00
192.168.20.43,54.243.58.104,2022-03-11,1368017.00,20,1368017.00,0.00,20.00,0.00
52.46.153.141,192.168.20.43,2022-03-11,1423.00,2,1423.00,0.00,2.00,0.00
35.186.224.25,192.168.20.42,2022-03-11,1075.00,1,1075.00,0.00,1.00,0.00
192.168.20.48,3.28.113.52,2022-03-11,2525698.00,36,2525698.00,0.00,36.00,0.00
192.168.20.43,52.70.101.206,2022-03-11,103374826.00,327,103374826.00,0.00,327.00,0.00
192.168.20.43,209.54.180.46,2022-03-11,488513.00,24,488513.00,0.00,24.00,0.00
192.168.20.43,209.54.180.44,2022-03-11,446709.00,11,446709.00,0.00,11.00,0.00
54.161.26.204,192.168.20.48,2022-03-11,40380.00,5,40380.00,0.00,5.00,0.00
54.239.33.155,192.168.20.43,2022-02-11,1722.00,1,1722.00,0.00,1.00,0.00
3.28.113.52,192.168.20.48,2022-03-11,91544.00,4,91544.00,0.00,4.00,0.00
192.168.20.43,255.255.255.255,2022-02-11,482.00,12,15392.50,14910.50,39.00,27.00
151.101.1.16,192.168.20.43,2022-03-11,405.00,4,8585.00,8180.00,31.00,27.00
192.168.20.43,3.234.165.228,2022-03-11,35270402.00,272,35270402.00,0.00,272.00,0.00
142.250.201.163,192.168.20.42,2022-03-11,2686.00,2,2686.00,0.00,2.00,0.00
192.168.20.43,52.217.164.137,2022-03-11,105430921.00,279,105430921.00,0.00,279.00,0.00
192.168.20.43,52.95.123.17,2022-03-11,90069757.00,14,90069757.00,0.00,14.00,0.00
192.168.20.19,63.32.248.122,2022-03-11,2779260.00,325,1446645.50,1332614.50,170.00,155.00
192.168.20.43,52.46.137.106,2022-03-11,372520.00,11,372520.00,0.00,11.00,0.00
192.168.20.42,216.58.213.74,2022-03-11,11952876.00,54,11952876.00,0.00,54.00,0.00
54.242.128.35,192.168.20.48,2022-03-11,59729.00,4,59729.00,0.00,4.00,0.00
192.168.20.42,216.58.213.70,2022-03-11,194959615.00,19,194959615.00,0.00,19.00,0.00
18.164.57.217,192.168.20.48,2022-03-11,16630.00,11,16630.00,0.00,11.00,0.00
192.168.20.48,52.46.131.184,2022-03-11,994366.00,17,994366.00,0.00,17.00,0.00
192.168.20.43,52.216.77.60,2022-03-11,8802276.00,298,8802276.00,0.00,298.00,0.00
18.164.57.217,192.168.20.43,2022-03-11,627.00,7,627.00,0.00,7.00,0.00
192.168.20.48,52.44.87.149,2022-03-11,2766315.00,56,2766315.00,0.00,56.00,0.00
192.168.20.42,35.186.224.25,2022-03-11,429611704.00,31,429611704.00,0.00,31.00,0.00
192.168.20.19,203.107.6.88,2022-03-11,3893082.00,19,2049181.50,1843900.50,10.00,9.00
192.168.20.48,18.102.55.180,2022-03-11,1326455.00,58,1326455.00,0.00,58.00,0.00
192.168.20.48,43.205.35.127,2022-03-11,4853597.00,77,4853597.00,0.00,77.00,0.00
192.168.20.43,52.94.217.61,2022-03-11,63208525.00,40,63208525.00,0.00,40.00,0.00
44.207.137.197,192.168.20.48,2022-02-11,1387.00,1,14586.50,13199.50,2.00,1.00
192.168.20.48,52.206.69.242,2022-03-11,1755534.00,41,1755534.00,0.00,41.00,0.00
192.168.20.43,18.164.55.40,2022-03-11,604853.00,24,604853.00,0.00,24.00,0.00
54.239.27.116,192.168.20.48,2022-03-11,534920.00,2,534920.00,0.00,2.00,0.00
192.168.20.43,52.119.196.28,2022-03-11,561861.00,17,561861.00,0.00,17.00,0.00
192.168.20.43,54.205.24.65,2022-03-11,4844716.00,20,4844716.00,0.00,20.00,0.00
18.164.55.40,192.168.20.43,2022-03-11,2516.00,1,2516.00,0.00,1.00,0.00
192.168.20.45,66.102.1.109,2022-03-11,20060995.00,8,20060995.00,0.00,8.00,0.00
192.168.20.43,224.0.0.251,2022-03-11,11026197967.00,460,5885202466.50,5140995500.50,265.50,194.50
192.168.20.48,54.166.21.152,2022-03-11,17011721.00,533,17011721.00,0.00,533.00,0.00
216.58.213.67,192.168.20.42,2022-03-11,1120.00,1,1120.00,0.00,1.00,0.00
192.168.20.43,3.82.111.231,2022-02-11,221217617.00,28,658522520.00,437304903.00,84.00,56.00
192.168.20.48,18.134.222.161,2022-03-11,1049676.00,108,1049676.00,0.00,108.00,0.00
107.20.127.221,192.168.20.48,2022-03-11,821670.00,5,821670.00,0.00,5.00,0.00
192.168.20.48,44.199.138.71,2022-03-11,23416963.00,682,23416963.00,0.00,682.00,0.00
18.140.188.91,192.168.20.48,2022-03-11,165713.00,5,165713.00,0.00,5.00,0.00
192.168.20.48,34.202.146.90,2022-03-11,2044808.00,46,2044808.00,0.00,46.00,0.00
192.168.20.43,52.46.149.20,2022-03-11,934301.00,22,934301.00,0.00,22.00,0.00
18.156.17.11,192.168.20.48,2022-03-11,1366.00,1,252283.50,250917.50,1.00,0.00
13.225.38.171,192.168.20.43,2022-02-11,179932973.00,14,2189057108.00,2009124135.00,97.50,83.50
52.46.143.155,192.168.20.43,2022-03-11,18864.00,1,18864.00,0.00,1.00,0.00
43.201.125.242,192.168.20.48,2022-03-11,1072245.00,5,1072245.00,0.00,5.00,0.00
192.168.20.48,13.225.34.111,2022-03-11,321195.00,39,321195.00,0.00,39.00,0.00
13.225.38.171,192.168.20.48,2022-02-11,154.00,2,15242.00,15088.00,16.00,14.00
192.168.20.43,52.46.153.141,2022-03-11,486577.00,12,486577.00,0.00,12.00,0.00
192.168.20.43,52.46.149.29,2022-03-11,113174195.00,21,113174195.00,0.00,21.00,0.00
192.168.20.43,52.54.26.34,2022-02-11,109149515.00,14,109149515.00,0.00,14.00,0.00
34.210.228.239,192.168.20.43,2022-03-11,2448.00,7,2448.00,0.00,7.00,0.00
192.168.20.48,34.214.111.43,2022-03-11,8347732.00,112,8347732.00,0.00,112.00,0.00
192.168.20.43,13.225.31.129,2022-03-11,15120882.00,1056,199814054.00,184693172.00,652.00,404.00
192.168.20.43,52.203.151.208,2022-03-11,76929.00,1,76920.50,8.50,1.00,0.00
209.54.178.134,192.168.20.48,2022-03-11,543282.00,1,543282.00,0.00,1.00,0.00
192.168.20.43,52.95.123.112,2022-03-11,69662136.00,26,69662136.00,0.00,26.00,0.00
192.168.20.48,224.0.0.251,2022-03-11,446843263.00,73,446843263.00,0.00,73.00,0.00
192.168.20.43,52.214.227.89,2022-03-11,15784347544.00,2562,15784347544.00,0.00,2562.00,0.00
192.168.20.48,3.28.94.146,2022-03-11,1484431.00,20,1484431.00,0.00,20.00,0.00
192.168.20.1,192.168.20.43,2022-02-11,20851.00,2,20851.00,0.00,2.00,0.00
192.168.20.1,192.168.20.40,2022-03-11,4594.00,6,4594.00,0.00,6.00,0.00
54.206.221.238,192.168.20.48,2022-03-11,418507.00,3,418507.00,0.00,3.00,0.00
108.137.181.26,192.168.20.48,2022-03-11,443572.00,6,443572.00,0.00,6.00,0.00
15.222.185.72,192.168.20.48,2022-03-11,1186987.00,4,1186987.00,0.00,4.00,0.00
192.168.20.48,52.222.200.21,2022-03-11,1023506.00,21,1023506.00,0.00,21.00,0.00
192.168.20.42,216.58.198.202,2022-03-11,96394247.00,285,96394247.00,0.00,285.00,0.00
192.168.20.43,3.5.3.104,2022-03-11,8565587.00,216,8565587.00,0.00,216.00,0.00
52.16.104.93,192.168.20.48,2022-03-11,44976.00,22,44976.00,0.00,22.00,0.00
192.168.20.43,44.226.67.213,2022-02-11,8655827.00,19,39475516.50,30819689.50,92.00,73.00
192.168.20.48,3.226.187.174,2022-03-11,167012.00,5,167012.00,0.00,5.00,0.00
44.195.229.105,192.168.20.48,2022-03-11,498244.00,3,498244.00,0.00,3.00,0.00
192.168.20.48,3.233.109.178,2022-03-11,330271.00,10,330271.00,0.00,10.00,0.00
192.168.20.48,13.225.34.94,2022-03-11,470664.00,70,470664.00,0.00,70.00,0.00
192.168.20.43,54.231.137.233,2022-03-11,8841953.00,301,8841953.00,0.00,301.00,0.00
192.168.20.43,52.207.44.110,2022-03-11,1092976304.00,140,1092976304.00,0.00,140.00,0.00
54.239.29.0,192.168.20.43,2022-03-11,2091.00,2,2091.00,0.00,2.00,0.00
192.168.20.42,216.58.209.234,2022-03-11,97636831.00,320,97636831.00,0.00,320.00,0.00
52.16.104.93,192.168.20.43,2022-03-11,45173.00,8,562550691.00,562505518.00,84.00,76.00
192.168.20.48,3.105.75.37,2022-03-11,3256630.00,38,3256630.00,0.00,38.00,0.00
52.46.133.19,192.168.20.48,2022-03-11,31802.00,1,31802.00,0.00,1.00,0.00
192.168.20.43,52.119.198.189,2022-03-11,66590506.00,11,66590506.00,0.00,11.00,0.00
192.168.20.43,143.204.222.174,2022-02-11,60175343.00,16,60175343.00,0.00,16.00,0.00
52.222.193.196,192.168.20.43,2022-03-11,35131.00,1,35131.00,0.00,1.00,0.00
192.168.20.48,104.199.65.124,2022-02-11,3118171366.00,320,35697713070.00,32579541704.00,3661.50,3341.50
192.168.20.43,52.95.124.103,2022-03-11,218152123.00,39,218152123.00,0.00,39.00,0.00
192.168.20.43,18.164.57.217,2022-03-11,840402.00,52,840402.00,0.00,52.00,0.00
192.168.20.1,224.0.0.251,2022-03-11,11860209.00,24,11860209.00,0.00,24.00,0.00
192.168.20.48,54.85.101.161,2022-03-11,2282093.00,41,2282093.00,0.00,41.00,0.00
192.168.20.43,52.217.32.228,2022-03-11,9012626.00,297,9012626.00,0.00,297.00,0.00
192.168.20.48,209.54.177.157,2022-03-11,1625587.00,18,1625587.00,0.00,18.00,0.00
209.54.179.230,192.168.20.43,2022-03-11,327.00,2,327.00,0.00,2.00,0.00
44.228.215.143,192.168.20.43,2022-03-11,78.00,2,78.00,0.00,2.00,0.00
192.168.20.43,54.159.111.180,2022-02-11,3649957.00,18,15213437.50,11563480.50,69.00,51.00
44.234.113.198,192.168.20.43,2022-02-11,175.00,4,175.00,0.00,4.00,0.00
209.54.183.244,192.168.20.43,2022-03-11,1913.00,2,1913.00,0.00,2.00,0.00
192.168.20.48,54.239.27.82,2022-03-11,854706.00,19,854706.00,0.00,19.00,0.00
34.214.111.43,192.168.20.48,2022-03-11,1168848.00,11,1168848.00,0.00,11.00,0.00
142.250.74.238,192.168.20.42,2022-02-11,3207.00,2,3207.00,0.00,2.00,0.00
192.168.20.48,209.54.177.154,2022-02-11,931519.00,14,741977.00,189542.00,15.50,1.50
52.94.235.74,192.168.20.43,2022-03-11,2658.00,5,2658.00,0.00,5.00,0.00
216.58.198.202,192.168.20.42,2022-03-11,111.00,2,111.00,0.00,2.00,0.00
192.168.20.43,52.84.186.218,2022-03-11,33877864.00,27,33877864.00,0.00,27.00,0.00
192.168.20.43,52.46.153.177,2022-03-11,416104.00,13,416104.00,0.00,13.00,0.00
176.32.101.122,192.168.20.43,2022-02-11,1055510.00,2,1055510.00,0.00,2.00,0.00
54.249.26.192,192.168.20.48,2022-03-11,617149.00,3,617149.00,0.00,3.00,0.00
209.54.177.154,192.168.20.48,2022-03-11,605076.00,4,369991.50,235084.50,3.50,0.50
52.46.145.14,192.168.20.48,2022-03-11,5503.00,4,5503.00,0.00,4.00,0.00
52.4.194.79,192.168.20.48,2022-03-11,144862.00,2,144862.00,0.00,2.00,0.00
34.237.111.59,192.168.20.48,2022-03-11,2345251.00,56,2345251.00,0.00,56.00,0.00
192.168.20.43,34.210.228.239,2022-03-11,186987464.00,301,186987464.00,0.00,301.00,0.00
192.168.20.12,255.255.255.255,2022-02-11,3549845030.00,740,40857390933.00,37307545903.00,8520.00,7780.00
192.168.20.43,52.46.145.205,2022-02-11,748344.00,13,748344.00,0.00,13.00,0.00
192.168.20.43,18.214.180.6,2022-03-11,13381305.00,20,13381305.00,0.00,20.00,0.00
216.58.204.106,192.168.20.42,2022-02-11,1552.00,3,3011.50,1459.50,2.50,0.50
192.168.20.43,205.251.206.22,2022-03-11,3745200.00,246,3745200.00,0.00,246.00,0.00
192.168.20.48,52.78.15.113,2022-03-11,5863289.00,54,5863289.00,0.00,54.00,0.00
192.168.20.45,13.225.31.123,2022-03-11,499497.00,15,499497.00,0.00,15.00,0.00
192.168.20.19,8.8.4.4,2022-03-11,2722528.00,653,1435134.50,1287393.50,346.50,306.50
192.168.20.43,52.216.146.139,2022-03-11,9626844.00,331,9626844.00,0.00,331.00,0.00
52.20.206.121,192.168.20.48,2022-03-11,5741173.00,80,5741173.00,0.00,80.00,0.00
52.46.137.70,192.168.20.43,2022-03-11,63152.00,30,63152.00,0.00,30.00,0.00
192.168.20.43,13.225.29.131,2022-03-11,226713990.00,59,113930489.00,112783501.00,35.50,23.50
192.168.20.48,52.76.51.147,2022-03-11,9876599.00,95,9876599.00,0.00,95.00,0.00
192.168.20.43,52.217.97.4,2022-03-11,9995635.00,323,9995635.00,0.00,323.00,0.00
52.72.11.176,192.168.20.48,2022-03-11,7154.00,1,7154.00,0.00,1.00,0.00
192.168.20.48,3.1.115.53,2022-03-11,9510955.00,135,9510955.00,0.00,135.00,0.00
192.168.20.43,52.222.165.187,2022-03-11,748336610.00,463,748336610.00,0.00,463.00,0.00
192.168.20.48,44.207.137.197,2022-03-11,2361198.00,58,1667564.50,693633.50,38.50,19.50
192.168.20.43,18.164.57.55,2022-03-11,60629304.00,19,60629304.00,0.00,19.00,0.00
192.168.20.48,209.54.177.114,2022-03-11,3312495.00,53,3312495.00,0.00,53.00,0.00
192.168.20.43,52.119.198.2,2022-03-11,97787493.00,11,97787493.00,0.00,11.00,0.00
192.168.20.48,157.241.5.46,2022-03-11,2646180.00,52,2646180.00,0.00,52.00,0.00
52.46.131.210,192.168.20.43,2022-03-11,4530.00,3,4530.00,0.00,3.00,0.00
52.95.125.12,192.168.20.43,2022-02-11,8618.00,2,8618.00,0.00,2.00,0.00
192.168.20.43,3.89.179.154,2022-02-11,60155417.00,4,469094727.50,408939310.50,58.00,54.00
192.168.20.48,35.183.173.98,2022-02-11,513694.00,21,1980507.00,1466813.00,70.50,49.50
192.168.20.48,52.46.133.19,2022-03-11,2781188.00,46,1828532.50,952655.50,32.00,14.00
3.28.94.146,192.168.20.48,2022-03-11,1977.00,1,1977.00,0.00,1.00,0.00
52.94.241.146,192.168.20.48,2022-03-11,164504.00,3,164504.00,0.00,3.00,0.00
13.225.31.123,192.168.20.45,2022-03-11,15031.00,3,15031.00,0.00,3.00,0.00
192.168.20.48,54.238.156.226,2022-03-11,9550655.00,114,9550655.00,0.00,114.00,0.00
192.168.20.42,216.58.204.106,2022-03-11,215932574.00,53,153303051.50,62629522.50,42.00,11.00
192.168.20.43,52.94.225.56,2022-03-11,374494.00,11,374494.00,0.00,11.00,0.00
192.168.20.43,52.1.172.87,2022-03-11,15807011.00,80,15807011.00,0.00,80.00,0.00
192.168.20.48,209.54.178.166,2022-03-11,464517.00,15,464517.00,0.00,15.00,0.00
192.168.20.48,209.54.178.164,2022-03-11,981088.00,17,981088.00,0.00,17.00,0.00
67.220.240.31,192.168.20.43,2022-03-11,30918.00,3,30918.00,0.00,3.00,0.00
192.168.20.48,52.94.241.146,2022-03-11,855630.00,14,855630.00,0.00,14.00,0.00
192.168.20.48,52.46.145.14,2022-03-11,884150.00,14,884150.00,0.00,14.00,0.00
192.168.20.43,35.174.77.103,2022-03-11,1051008572.00,130,580016791.50,470991780.50,72.00,58.00
192.168.20.19,54.74.123.186,2022-02-11,13488978.00,44,150205306.00,136716328.00,414.00,370.00
192.168.20.48,54.161.26.204,2022-03-11,1328005.00,46,1328005.00,0.00,46.00,0.00
192.168.20.48,18.140.188.91,2022-03-11,5167592.00,59,5167592.00,0.00,59.00,0.00
192.168.20.43,52.46.131.210,2022-03-11,499568.00,12,499568.00,0.00,12.00,0.00
192.168.20.43,52.94.235.74,2022-03-11,849714.00,24,849714.00,0.00,24.00,0.00
192.168.20.48,16.16.59.238,2022-03-11,2009003.00,97,2009003.00,0.00,97.00,0.00
64.233.184.206,192.168.20.19,2022-03-11,602.00,2,602.00,0.00,2.00,0.00
192.168.20.48,13.225.34.64,2022-03-11,1095501.00,67,1095501.00,0.00,67.00,0.00
192.168.20.42,224.0.0.22,2022-03-11,51208108.00,7,51208108.00,0.00,7.00,0.00
192.168.20.48,34.195.175.66,2022-03-11,38805503.00,1159,32594918.50,6210584.50,940.50,218.50
192.168.20.43,52.94.224.4,2022-03-11,1027905.00,45,1027905.00,0.00,45.00,0.00
192.168.20.43,35.164.182.2,2022-03-11,70173835.00,163,70173835.00,0.00,163.00,0.00
192.168.20.18,129.6.15.28,2022-03-11,5972612.00,3,5972612.00,0.00,3.00,0.00
192.168.20.48,18.167.1.113,2022-03-11,9067825.00,73,9067825.00,0.00,73.00,0.00
52.94.233.61,192.168.20.43,2022-03-11,2115.00,3,2115.00,0.00,3.00,0.00
192.168.20.43,52.94.240.240,2022-03-11,215913700.00,21,215913700.00,0.00,21.00,0.00
192.168.20.43,52.46.149.63,2022-03-11,1035748.00,40,1035748.00,0.00,40.00,0.00
192.168.20.43,52.46.149.60,2022-03-11,1613373.00,73,1613373.00,0.00,73.00,0.00
192.168.20.43,52.46.149.61,2022-03-11,383263.00,12,383263.00,0.00,12.00,0.00
192.168.20.43,192.168.20.1,2022-02-11,110073.00,50,1760347.50,1650274.50,702.50,652.50
15.188.36.183,192.168.20.48,2022-03-11,7121.00,4,7121.00,0.00,4.00,0.00
192.168.20.43,23.22.235.16,2022-03-11,989484060.00,126,989484060.00,0.00,126.00,0.00
3.222.37.116,192.168.20.48,2022-03-11,129574.00,6,129574.00,0.00,6.00,0.00
192.168.20.42,151.101.62.248,2022-03-11,372230839.00,67,372230839.00,0.00,67.00,0.00
192.168.20.48,52.4.194.79,2022-03-11,2019466.00,45,2019466.00,0.00,45.00,0.00
192.168.20.48,239.255.255.250,2022-03-11,779.00,36,779.00,0.00,36.00,0.00
192.168.20.42,239.255.255.251,2022-03-11,41969855359.00,1357,21885038567.00,20084816792.00,708.50,648.50
3.76.1.196,192.168.20.48,2022-03-11,5574.00,4,5574.00,0.00,4.00,0.00
13.225.31.129,192.168.20.43,2022-02-11,59974774.00,14,30023101.00,29951673.00,81.00,67.00
192.168.20.48,13.225.34.38,2022-03-11,93387.00,14,93387.00,0.00,14.00,0.00
192.168.20.48,54.158.105.246,2022-03-11,1208908.00,46,1208908.00,0.00,46.00,0.00
13.225.31.129,192.168.20.48,2022-03-11,195670.00,140,99130.00,96540.00,72.50,67.50
192.168.20.48,54.242.128.35,2022-03-11,2011960.00,37,2011960.00,0.00,37.00,0.00
13.225.34.61,192.168.20.43,2022-02-11,107.00,2,107.00,0.00,2.00,0.00
192.168.20.43,34.237.111.59,2022-03-11,13161451.00,19,13161451.00,0.00,19.00,0.00
192.168.20.43,44.197.28.104,2022-03-11,654943040.00,84,654943040.00,0.00,84.00,0.00
52.94.236.199,192.168.20.43,2022-03-11,1272.00,3,1272.00,0.00,3.00,0.00
15.236.150.135,192.168.20.48,2022-03-11,89597.00,3,89597.00,0.00,3.00,0.00
192.168.20.48,209.54.183.200,2022-03-11,437542.00,16,437542.00,0.00,16.00,0.00
192.168.20.45,52.84.177.10,2022-03-11,469989.00,10,469989.00,0.00,10.00,0.00
44.198.224.47,192.168.20.48,2022-03-11,2591072.00,27,2591072.00,0.00,27.00,0.00
192.168.20.43,54.239.35.210,2022-03-11,78418519.00,42,78418519.00,0.00,42.00,0.00
192.168.20.43,54.239.35.211,2022-03-11,109581221.00,26,109581221.00,0.00,26.00,0.00
192.168.20.48,23.22.232.191,2022-03-11,842143.00,22,842143.00,0.00,22.00,0.00
192.168.20.48,209.54.178.134,2022-03-11,967787.00,20,967787.00,0.00,20.00,0.00
192.168.20.20,54.194.135.95,2022-03-11,266284.00,11,266284.00,0.00,11.00,0.00
192.168.20.43,52.95.126.126,2022-03-11,64797874.00,27,92006383.50,27208509.50,19.00,8.00
3.227.117.250,192.168.20.48,2022-03-11,358972.00,2,358972.00,0.00,2.00,0.00
192.168.20.48,15.184.245.166,2022-03-11,3878199.00,74,3878199.00,0.00,74.00,0.00
192.168.20.43,52.94.228.242,2022-03-11,140225362.00,48,140225362.00,0.00,48.00,0.00
192.168.20.48,52.218.40.120,2022-03-11,189031.00,67,189031.00,0.00,67.00,0.00
192.168.20.48,16.163.233.23,2022-03-11,4841501.00,61,4841501.00,0.00,61.00,0.00
192.168.20.43,52.46.137.70,2022-03-11,5064456.00,117,5064456.00,0.00,117.00,0.00
